{"cameraMode":{"drawMode":0,"name":"Shaded","section":"Shading Mode"},"sceneLighting":true,"audioPlay":false,"sceneViewState":{"m_AlwaysRefresh":false,"showFog":true,"showSkybox":true,"showFlares":true,"showImageEffects":true,"showParticleSystems":true,"showVisualEffectGraphs":true,"m_FxEnabled":true},"in2DMode":false,"pivot":{"x":-0.015541553497314453,"y":0.5732851028442383,"z":4.633776664733887},"rotation":{"x":-0.21097300946712495,"y":-0.337228000164032,"z":0.07782556116580963,"w":-0.9141719937324524},"size":3.5624232292175295,"orthographic":false}